source_row_excel,Покупатель,Тикер покупателя,Объект сделки,Дата объявления сделки,Дата создания,DAYS_CREATE_TO_ANNOUNCEMENT,CAR_ANN_1_1,CAR_CREATE_1_1,CAR_ANN_3_3,CAR_CREATE_3_3,CAR_ANN_5_5,CAR_CREATE_5_5,CAR_ANN_10_10,CAR_CREATE_10_10,BHAR_ANN_60,BHAR_CREATE_60,BHAR_ANN_120,BHAR_CREATE_120,BHAR_ANN_250,BHAR_CREATE_250,RUNUP_PRE_30_5,CAR_PRE_ANNOUNCEMENT,DIFF_CREATE_MINUS_ANN_1_1,DIFF_CREATE_MINUS_ANN_3_3,DIFF_CREATE_MINUS_ANN_5_5,DIFF_CREATE_MINUS_ANN_10_10,DIFF_BHAR_CREATE_MINUS_ANN_120
2,Сбер (Сбербанк),SBER,Группа компаний Элемент,19.09.2025,19.09.2025,0,-0.0017109471434107,-0.0017109471434107,-0.009906493074176,-0.009906493074176,-0.0157211891910478,-0.0157211891910478,-0.0191463628305016,-0.0191463628305016,,,,,,,-0.0261015901858683,-0.0175690994735543,0.0,0.0,0.0,0.0,
3,Альфа-банк,ACBR,Лизинговая компания Европлан,18.11.2025,18.11.2025,0,,,,,,,,,,,,,,,,,,,,,
4,ПАО Совкомбанк,SVCB,Группа Астра,18.11.2025,18.11.2025,0,-0.0233922186573194,-0.0233922186573194,-0.0356852787991119,-0.0356852787991119,-0.0280812135826365,-0.0280812135826365,0.0172982794017794,0.0172982794017794,,,,,,,0.0906872901736578,0.0863140460066935,0.0,0.0,0.0,0.0,
5,Т-банк (Тинькофф),T,Гостиница Турист (г. Москва),14.08.2025,14.08.2025,0,-0.00735819172001,-0.00735819172001,-0.0191595581520907,-0.0191595581520907,-0.0334415742640011,-0.0334415742640011,-0.0304188835725068,-0.0304188835725068,,,,,,,-0.0642415032336645,-0.1029832888432262,0.0,0.0,0.0,0.0,
6,ПАО Совкомбанк,SVCB,Пампаду,17.07.2025,18.07.2025,-1,0.0268378546514224,-0.0060453501111793,0.0580559387873999,0.0309425792932238,0.0335282911175353,0.0337759358369796,0.0352577351730953,-0.00035138617429,,,,,,,0.0198014373367231,0.0796932201738596,-0.0328832047626017,-0.027113359494176096,0.00024764471944429406,-0.0356091213473853,
7,Т-банк (Тинькофф),T,Zabota 2.0,03.09.2025,03.09.2025,0,-0.0057054995022328,-0.0057054995022328,-0.0086363312146734,-0.0086363312146734,-0.0310260091449697,-0.0310260091449697,-0.0547599204248638,-0.0547599204248638,,,,,,,-0.0481421909835967,-0.047343674609171,0.0,0.0,0.0,0.0,
8,Т-банк (Тинькофф),T,Airo,30.05.2025,30.05.2025,0,-0.0149888262709152,-0.0149888262709152,-0.0047445808074179,-0.0047445808074179,0.0385897109556267,0.0385897109556267,0.0500278194622016,0.0500278194622016,,,,,,,0.012121043267931,0.0306989462234671,0.0,0.0,0.0,0.0,
9,ПАО Совкомбанк,SVCB,"Хоум Банк (Хоум Кредит энд Финанс Банк, ХКФБ)",16.02.2024,19.02.2024,-3,0.0726768689234884,0.0726768689234884,0.0552315572502208,0.0552315572502208,0.0735920524373889,0.0735920524373889,0.2197523099509714,0.2197523099509714,,,,,,,0.1692284405701283,0.185475267845608,0.0,0.0,0.0,0.0,
10,Т-банк (Тинькофф),T,Бизнес-центр Центральный телеграф,24.05.2024,18.03.2025,-298,-0.0221786794091031,0.0275742195551347,-0.0104531381861183,0.0387405355333873,-0.0412434562133058,0.0463303537616559,-0.0090971217417432,0.0448903134067721,,,,,,,-0.0379988006070108,-0.0572019759987345,0.0497528989642378,0.0491936737195056,0.0875738099749617,0.053987435148515305,
11,Альфа-банк,ACBR,Таврос,19.06.2025,09.06.2025,10,,,,,,,,,,,,,,,,,,,,,
12,Промсвязьбанк (ПСБ),PSBR,М.Видео (М.Видео-Эльдорадо),27.01.2025,30.04.2022,1003,,,,,,,,,,,,,,,,,,,,,
13,Альфа-банк,ACBR,КАРО ФИЛЬМ Севастопольский,28.12.2024,28.12.2024,0,,,,,,,,,,,,,,,,,,,,,
14,Альфа-банк,ACBR,Кинотеатр Россия (Москва),28.12.2024,28.12.2024,0,,,,,,,,,,,,,,,,,,,,,
15,Т-банк (Тинькофф),T,AnyQuery,24.11.2022,24.11.2022,0,-0.039707005915438,-0.039707005915438,-0.0476278347733597,-0.0476278347733597,-0.0183877734504394,-0.0183877734504394,0.0015167836865462,0.0015167836865462,,,,,,,0.1096160199391082,0.0888027874028943,0.0,0.0,0.0,0.0,
16,Яндекс,YDEX,NewPay,24.12.2024,24.12.2024,0,-0.0223501795762973,-0.0223501795762973,0.0110479664361661,0.0110479664361661,-0.0055720256108899,-0.0055720256108899,-0.0300113082576603,-0.0300113082576603,,,,,,,-0.0822583223868953,-0.0684009408803529,0.0,0.0,0.0,0.0,
17,ПАО Совкомбанк,SVCB,Рокет (Рокетбанк),23.01.2025,23.01.2025,0,-0.025023887079412,-0.025023887079412,-0.0059680566387189,-0.0059680566387189,-0.0466112160381888,-0.0466112160381888,-0.0010636870978297,-0.0010636870978297,,,,,,,0.0314966708597088,0.0013028174712682,0.0,0.0,0.0,0.0,
18,Сбер (Сбербанк),SBER,Алгоритмика,26.12.2024,26.12.2024,0,0.002268887323113,0.002268887323113,0.0117935106897798,0.0117935106897798,0.0639676129387225,0.0639676129387225,0.0860414371925962,0.0860414371925962,,,,,,,-0.0196065414075698,0.0600953388078969,0.0,0.0,0.0,0.0,
19,Сбер (Сбербанк),SBER,Нетология-групп (ТТ-Холдинг),02.07.2024,02.07.2024,0,-0.0024844896587032,-0.0024844896587032,-0.004088361907513,-0.004088361907513,0.0068843813583645,0.0068843813583645,-0.0886275060230094,-0.0886275060230094,,,,,,,0.0216336537388328,0.0318635678863041,0.0,0.0,0.0,0.0,
20,Сбер (Сбербанк),SBER,СДМ ТК-2,18.03.2025,18.03.2025,0,-0.0045400076095715,-0.0045400076095715,0.0033079020955218,0.0033079020955218,-0.0027391398321959,-0.0027391398321959,0.0056413249568522,0.0056413249568522,,,,,,,0.031777896812287,0.0370740374660778,0.0,0.0,0.0,0.0,
21,Промсвязьбанк (ПСБ),PSBR,CarMoney (Смарттехгрупп),16.09.2024,26.02.2025,-163,,,,,,,,,,,,,,,,,,,,,
22,Альфа-банк,ACBR,Rb.ru,29.10.2024,29.10.2024,0,,,,,,,,,,,,,,,,,,,,,
23,ПАО Совкомбанк,SVCB,Абсолют Страхование,24.09.2024,30.10.2024,-36,-0.0314306303463197,0.009222689879191,-0.04754990559185,-0.0048733803178041,-0.05075850017512,-0.0014423532283007,-0.0837756803775158,-0.019731137725047,,,,,,,-0.0280162997168469,-0.0333304666377702,0.0406533202255107,0.042676525274045904,0.0493161469468193,0.0640445426524688,
24,Т-банк (Тинькофф),T,Росбанк,23.04.2024,21.03.2025,-332,0.0120310628528782,0.0087194089699004,0.017710865359025,0.0446372546141906,-0.0083026367614023,0.0263675458644832,-0.0141831172373256,0.0442544600639148,,,,,,,-0.0397636432215742,-0.04434035443522,-0.0033116538829778015,0.026926389255165602,0.0346701826258855,0.0584375773012404,
25,Яндекс,YDEX,еКредит,03.06.2024,08.06.2021,1091,0.0381821537750856,0.0196745178398215,0.0485125299429805,0.0160981826594625,0.0055761290361556,0.0096762414914171,-0.025543668703464,0.0239489925871982,,,,,,,-0.0410710495565796,-0.0474640898999146,-0.018507635935264104,-0.032414347283518,0.0041001124552615,0.049492661290662196,
26,Т-банк (Тинькофф),T,ROWI,11.06.2024,11.06.2024,0,-0.0101443956428391,-0.0101443956428391,0.0005606354648822,0.0005606354648822,0.0219196452001263,0.0219196452001263,0.0931077916061667,0.0931077916061667,,,,,,,-0.0036879351010081,0.0038359048333329,0.0,0.0,0.0,0.0,
27,Сбер (Сбербанк),SBER,Аэропорт Горно-Алтайск,17.07.2024,17.07.2024,0,-0.0020518517852059,-0.0020518517852059,-0.0155936319825945,-0.0155936319825945,-0.0853325690953383,-0.0853325690953383,-0.0750794350842263,-0.0750794350842263,,,,,,,0.053478952596707,-0.0568372609868532,0.0,0.0,0.0,0.0,
28,ПАО Совкомбанк,SVCB,Инлайф Страхование (Страховая компания Уралсиб),07.09.2023,16.08.2016,2578,,,,,,,,,,,,,,,,,,,,,
29,Альфа-банк,ACBR,Дойче Лизинг Восток,12.05.2023,12.05.2023,0,,,,,,,,,,,,,,,,,,,,,
30,ПАО Совкомбанк,SVCB,В2СPL (B2C платежи и логистика),14.06.2023,14.06.2023,0,,,,,,,,,,,,,,,,,,,,,
31,Т-банк (Тинькофф),T,CloudPayments,12.10.2017,13.10.2017,-1,,,,,,,,,,,,,,,,,,,,,
32,Промсвязьбанк (ПСБ),PSBR,Банк Северный морской путь (СМП банк),13.12.2022,23.06.2022,173,,,,,,,,,,,,,,,,,,,,,
33,Т-банк (Тинькофф),T,AnyQuery,24.11.2022,24.11.2022,0,-0.039707005915438,-0.039707005915438,-0.0476278347733597,-0.0476278347733597,-0.0183877734504394,-0.0183877734504394,0.0015167836865462,0.0015167836865462,,,,,,,0.1096160199391082,0.0888027874028943,0.0,0.0,0.0,0.0,
34,Ренессанс Капитал,RENI,Ситибанк,14.06.2022,14.06.2022,0,-0.0022673679272072,-0.0022673679272072,-0.0030768025617288,-0.0030768025617288,0.0570486845964178,0.0570486845964178,0.1301953400216202,0.1301953400216202,,,,,,,0.1047564439083413,0.116300622884677,0.0,0.0,0.0,0.0,
35,Т-банк (Тинькофф),T,БАНКОМ,05.04.2022,05.04.2022,0,0.0017347096943052,0.0017347096943052,0.1050172745398086,0.1050172745398086,0.2984478960867281,0.2984478960867281,-0.3796172008132212,-0.3796172008132212,,,,,,,-0.1455486493585274,0.0662488989944054,0.0,0.0,0.0,0.0,
36,ПАО Совкомбанк,SVCB,Витабанк,13.01.2026,18.05.2022,1336,0.0036763479965474,,0.0083203587376186,,0.0125875956370166,,0.0215732279846899,,,,,,,,-0.0156176257942202,-0.006962558276804,,,,,
37,ПАО Совкомбанк,SVCB,Узагроэкспортбанк,23.02.2022,29.11.2021,86,,,,,,,,,,,,,,,,,,,,,
38,Промсвязьбанк (ПСБ),PSBR,НПФ Гефест,03.02.2022,13.04.2022,-69,,,,,,,,,,,,,,,,,,,,,
39,Сбер (Сбербанк),SBER,Стокманн Россия,26.01.2022,26.01.2022,0,0.0732352388102191,0.0732352388102191,0.0616093386437575,0.0616093386437575,0.1132201124960965,0.1132201124960965,-0.0278308536254466,-0.0278308536254466,,,,,,,-0.1808658197461892,-0.2004912151988795,0.0,0.0,0.0,0.0,
40,Альфа-банк,ACBR,Франсабанк,17.12.2021,30.12.2021,-13,,,,,,,,,,,,,,,,,,,,,
41,ПАО Совкомбанк,SVCB,Страховая компания Согласие,16.01.2022,16.01.2022,0,,,,,,,,,,,,,,,,,,,,,
42,Сбер (Сбербанк),SBER,FuelUp,23.11.2021,23.11.2021,0,-0.0161769878681269,-0.0161769878681269,-0.1054924858074408,-0.1054924858074408,-0.0834962596826113,-0.0834962596826113,-0.1375983980543467,-0.1375983980543467,,,,,,,-0.0941677865717135,-0.1810303125348229,0.0,0.0,0.0,0.0,
43,Т-банк (Тинькофф),T,Jump.Finance,10.01.2022,10.01.2022,0,0.0240350568041284,0.0240350568041284,-0.0814604773686731,-0.0814604773686731,-0.109175151499188,-0.109175151499188,-0.2410742506354087,-0.2410742506354087,,,,,,,-0.1046869490036996,-0.154043647115325,0.0,0.0,0.0,0.0,
44,ПАО Совкомбанк,SVCB,Best2pay,10.01.2022,10.01.2022,0,,,,,,,,,,,,,,,,,,,,,
45,Сбер (Сбербанк),SBER,Ниармедик,15.11.2021,15.11.2021,0,-0.0523035094267643,-0.0523035094267643,-0.0579745176754011,-0.0579745176754011,-0.1496912439695926,-0.1496912439695926,-0.1352121368831116,-0.1352121368831116,,,,,,,0.0549849558264028,0.0252309721103795,0.0,0.0,0.0,0.0,
46,ПАО Совкомбанк,SVCB,Finex Investment Management,24.01.2022,24.01.2022,0,,,,,,,,,,,,,,,,,,,,,
47,ПАО Совкомбанк,SVCB,FinEx London,24.01.2022,24.01.2022,0,,,,,,,,,,,,,,,,,,,,,
48,Сбер (Сбербанк),SBER,Jivo (ООО Живой сайт),07.06.2021,08.06.2021,-1,0.0048680810935388,0.016236999594128,0.0097639762118866,-0.0025318378688127,0.0146178115991927,0.0091784184435576,0.0245894935948073,0.0326967796944971,,,,,,,0.0618115101454294,0.0636587205733452,0.011368918500589199,-0.0122958140806993,-0.005439393155635101,0.0081072860996898,
49,Сбер (Сбербанк),SBER,Gosu Data Lab.,28.04.2021,08.06.2021,-41,0.0069489966722987,0.016236999594128,0.0307886879455078,-0.0025318378688127,0.0833737437553537,0.0091784184435576,0.0690038687443651,0.0326967796944971,,,,,,,-0.0152043690402865,0.0170662356119628,0.009288002921829299,-0.0333205258143205,-0.0741953253117961,-0.03630708904986799,
50,Сбер (Сбербанк),SBER,InSales,14.04.2021,14.04.2021,0,0.0073274982971766,0.0073274982971766,0.0150726718596707,0.0150726718596707,0.0227791682905873,0.0227791682905873,0.0167208930947818,0.0167208930947818,,,,,,,0.0324328779590654,0.0463406434189866,0.0,0.0,0.0,0.0,
51,Яндекс,YDEX,Яндекс Банк (Банк Акрополь),29.04.2021,29.04.2021,0,0.0469654316755416,0.0469654316755416,0.0815806632152267,0.0815806632152267,0.0422652058005105,0.0422652058005105,0.00111692477436,0.00111692477436,,,,,,,-0.07069509580465,-0.0332501127178512,0.0,0.0,0.0,0.0,
52,ПАО Совкомбанк,SVCB,ГК Национальная факторинговая компания (НФК),13.05.2021,14.05.2021,-1,,,,,,,,,,,,,,,,,,,,,
53,Сбер (Сбербанк),SBER,АМК Фарма,29.06.2021,29.06.2021,0,-0.0172506279132728,-0.0172506279132728,-0.0115660759592074,-0.0115660759592074,-0.0173499457858706,-0.0173499457858706,-0.0364319691310607,-0.0364319691310607,,,,,,,0.0237418748279242,0.0241438034573979,0.0,0.0,0.0,0.0,
54,Сбер (Сбербанк),SBER,Регионы Финанс,29.06.2021,29.06.2021,0,-0.0172506279132728,-0.0172506279132728,-0.0115660759592074,-0.0115660759592074,-0.0173499457858706,-0.0173499457858706,-0.0364319691310607,-0.0364319691310607,,,,,,,0.0237418748279242,0.0241438034573979,0.0,0.0,0.0,0.0,
55,ПАО Совкомбанк,SVCB,Септем Капитал / Yango. Доходчивые вложения,29.06.2021,29.06.2021,0,,,,,,,,,,,,,,,,,,,,,
56,ПАО Совкомбанк,SVCB,Управляющая компания (УК) Восточный Капитал,29.06.2021,29.06.2021,0,,,,,,,,,,,,,,,,,,,,,
57,OZON.ru,OZON,ОНЕЙ БАНК,13.04.2021,13.04.2021,0,0.0299106920583415,0.0299106920583415,0.0524680702246143,0.0524680702246143,0.0410509606009835,0.0410509606009835,0.2021219604469905,0.2021219604469905,,,,,,,0.0657203499107624,0.1245830823010364,0.0,0.0,0.0,0.0,
58,Сбер (Сбербанк),SBER,GOODS.RU (Маркетплейс),28.01.2021,02.03.2021,-33,-0.0370763905362097,0.0325308153867933,-0.0011641409087363,0.0215147720545858,-0.0364736526451507,0.0419055127206436,-0.0648270777217475,0.0432607019453852,,,,,,,-0.024834734153875,-0.0571047889244653,0.06960720592300301,0.022678912963322098,0.0783791653657943,0.1080877796671327,
59,Сбер (Сбербанк),SBER,Movika,08.06.2021,08.06.2021,0,0.016236999594128,0.016236999594128,-0.0025318378688127,-0.0025318378688127,0.0091784184435576,0.0091784184435576,0.0326967796944971,0.0326967796944971,,,,,,,0.0635931481313588,0.0742902366588267,0.0,0.0,0.0,0.0,
60,Яндекс,YDEX,еКредит,09.04.2021,08.06.2021,-60,-0.0054367579139763,0.0196745178398215,-0.0485767319425608,0.0160981826594625,-0.0434819724518796,0.0096762414914171,-0.0271086314076333,0.0239489925871982,,,,,,,0.0133644777552801,0.0037482131513554,0.0251112757537978,0.06467491460202329,0.0531582139432967,0.0510576239948315,
61,Яндекс,YDEX,Чаевые просто,27.04.2021,27.04.2021,0,0.0570824453224483,0.0570824453224483,0.0685608796820361,0.0685608796820361,0.0509218039352048,0.0509218039352048,-0.0425618936873104,-0.0425618936873104,,,,,,,-0.0643965649398135,-0.0609076737954001,0.0,0.0,0.0,0.0,
62,ПАО Совкомбанк,SVCB,Банк Восточный (Восточный экспресс банк),26.03.2021,26.03.2021,0,,,,,,,,,,,,,,,,,,,,,
63,ПАО Совкомбанк,SVCB,СПБ Биржа (Санкт-Петербургская биржа),23.03.2020,08.06.2021,-442,,,,,,,,,,,,,,,,,,,,,
64,Т-банк (Тинькофф),T,Кошелек / CardsMobile (ООО Бесконтакт),29.04.2021,29.04.2021,0,-0.02755648838793,-0.02755648838793,-0.005986744141837,-0.005986744141837,0.0654550466238066,0.0654550466238066,0.0610645485744856,0.0610645485744856,,,,,,,0.0067853078388272,0.0029688040938801,0.0,0.0,0.0,0.0,
65,Сбер (Сбербанк),SBER,АО Электрозавод,28.12.2020,11.05.2021,-134,0.0134826379496986,-0.0461199836982874,0.0491011655291606,-0.0088400841913709,0.014475312748205,0.0257545796286945,0.0049951182562241,0.0492820232041548,,,,,,,0.0851352451125805,0.1262220798001919,-0.05960262164798601,-0.057941249720531496,0.011279266880489499,0.0442869049479307,
66,Альфа-банк,ACBR,нетмонет,15.02.2021,06.04.2021,-50,,,,,,,,,,,,,,,,,,,,,
67,Сбер (Сбербанк),SBER,Еаптека,22.10.2020,22.11.2020,-31,0.0242686450683363,0.0289852231725518,0.0335140129207359,0.0207281824144858,-0.0146590137892242,0.0418770526931078,0.0358577695079723,0.2429872621912668,,,,,,,-0.0608385264989356,-0.027851037195205,0.0047165781042155,-0.012785830506250099,0.056536066482332,0.2071294926832945,
68,Сбер (Сбербанк),SBER,Ё-инжиниринг,03.03.2021,03.03.2021,0,0.0202711971369435,0.0202711971369435,0.0351907524593924,0.0351907524593924,0.046263128591841,0.046263128591841,0.0469434648712454,0.0469434648712454,,,,,,,-0.0237713378305831,0.0111704956776733,0.0,0.0,0.0,0.0,
69,Wildberries,,Банк Стандарт-Кредит,11.12.2020,13.01.2021,-33,,,,,,,,,,,,,,,,,,,,,
70,ПАО Совкомбанк,SVCB,Страхования компания МетЛайф,02.12.2020,04.12.2020,-2,,,,,,,,,,,,,,,,,,,,,
71,Сбер (Сбербанк),SBER,Ситилинк,11.01.2021,12.01.2021,-1,0.0495559215917211,0.0060094842340087,0.0303778379842178,0.0120346552066747,0.0311170052451245,0.0233909584854367,0.0110952327328198,0.0002312265964204,,,,,,,0.1020890455602837,0.1423461952679978,-0.043546437357712395,-0.0183431827775431,-0.007726046759687799,-0.0108640061363994,
72,Сбер (Сбербанк),SBER,Эвотор,23.12.2020,23.12.2020,0,0.0352158477672785,0.0352158477672785,-0.0123424636389375,-0.0123424636389375,-0.0179252995431522,-0.0179252995431522,0.0501748616254436,0.0501748616254436,,,,,,,0.1631518696203898,0.1073999013304219,0.0,0.0,0.0,0.0,
73,ПАО Совкомбанк,SVCB,Евразийский банк (Россия),04.12.2020,04.12.2020,0,,,,,,,,,,,,,,,,,,,,,
74,Сбер (Сбербанк),SBER,Rambler,30.10.2020,30.10.2020,0,-0.0059433732937098,-0.0059433732937098,0.0285564373369195,0.0285564373369195,0.0983186567648247,0.0983186567648247,0.204200604603804,0.204200604603804,,,,,,,-0.0726943947024487,-0.1184596912658417,0.0,0.0,0.0,0.0,
75,Сбер (Сбербанк),SBER,Евроцемент групп,29.10.2020,29.10.2020,0,-0.0332518686584176,-0.0332518686584176,-0.0187098064540215,-0.0187098064540215,0.0369785558077908,0.0369785558077908,0.1485474908209345,0.1485474908209345,,,,,,,-0.0951165365048174,-0.1150708771399806,0.0,0.0,0.0,0.0,
76,ПАО Совкомбанк,SVCB,Сеть постаматов ЦТБ,12.10.2020,12.10.2020,0,,,,,,,,,,,,,,,,,,,,,
77,Сбер (Сбербанк),SBER,Звук / Zvooq,24.09.2020,24.09.2020,0,0.0023903885154185,0.0023903885154185,-0.0176929554164658,-0.0176929554164658,-0.0103182343891078,-0.0103182343891078,-0.0386067354559567,-0.0386067354559567,,,,,,,-0.0383138982738417,-0.0560254612868617,0.0,0.0,0.0,0.0,
78,Яндекс,YDEX,Т-банк (Тинькофф),22.09.2020,24.09.2020,-2,0.0927158958670389,0.0825068513464758,0.0545949089070704,0.1088786277829172,0.0838312899376174,0.0694864223391706,0.0055378533488038,0.0185840749458211,,,,,,,0.1153961325008329,0.0731447969424711,-0.010209044520563107,0.05428371887584679,-0.014344867598446803,0.0130462215970173,
79,Сбер (Сбербанк),SBER,2ГИС,11.06.2020,22.08.2019,294,-0.0462474700667393,0.0161548789206367,-0.0507547048658494,0.0132952570751632,-0.0656664390482241,0.0203722702557248,0.0391558261344642,0.0390366057542028,,,,,,,0.1265732332089305,0.124634383379846,0.062402348987376,0.06404996194101259,0.0860387093039489,-0.00011922038026140197,
80,Сбер (Сбербанк),SBER,Rambler,29.07.2020,29.07.2020,0,0.0063623568750735,0.0063623568750735,0.0448960611250528,0.0448960611250528,0.0455215443862306,0.0455215443862306,0.1461988556571926,0.1461988556571926,,,,,,,0.0420604773892651,0.0403358231837347,0.0,0.0,0.0,0.0,
81,Сбер (Сбербанк),SBER,Яндекс. Деньги,02.06.2020,29.06.2020,-27,0.1015225232062135,-0.0110479064578026,0.1024974156056111,0.0248652031305607,0.1329930532904736,0.0383109405571421,0.1021972089691785,-0.0142217185236083,,,,,,,0.0318002688540655,0.0815506376007297,-0.11257042966401609,-0.0776322124750504,-0.09468211273333149,-0.1164189274927868,
82,Сбер (Сбербанк),SBER,OZON.ru,04.06.2020,05.06.2020,-1,0.0350438655916029,-0.0042905039992617,0.0832964767648273,0.0458998243090543,0.0527349587722385,0.0150977871858928,0.0703332160053057,0.0693962600065548,,,,,,,0.0831647628673225,0.162736066561341,-0.0393343695908646,-0.037396652455773005,-0.0376371715863457,-0.0009369559987509046,
83,Сбер (Сбербанк),SBER,Rambler,14.06.2020,14.06.2020,0,-0.0224890931357372,-0.0224890931357372,-0.0772271398386762,-0.0772271398386762,-0.0368253140877546,-0.0368253140877546,-0.0061959687883436,-0.0061959687883436,,,,,,,0.1340831842480544,0.0843207274146818,0.0,0.0,0.0,0.0,
84,Сбер (Сбербанк),SBER,ESforce Holdings,19.02.2020,20.02.2020,-1,-0.0047846695644228,0.0064070240762992,-0.0345326527287797,-0.0032235902470518,-0.04562824133553,-0.0848245522709713,-0.0915777456891402,-0.1439087652697794,,,,,,,0.0045759002358412,-0.0163922120981385,0.011191693640722,0.0313090624817279,-0.0391963109354413,-0.05233101958063918,
85,ПАО Совкомбанк,SVCB,Либерти Страхование,26.12.2019,26.12.2019,0,,,,,,,,,,,,,,,,,,,,,
86,ПАО Совкомбанк,SVCB,Вкабанк,11.12.2019,11.12.2019,0,,,,,,,,,,,,,,,,,,,,,
87,ПАО Совкомбанк,SVCB,Волго-Каспийский акционерный банк (ВКА-банк),05.12.2019,05.12.2019,0,,,,,,,,,,,,,,,,,,,,,
88,ПАО Совкомбанк,SVCB,Септем Капитал / Yango. Доходчивые вложения,11.12.2019,11.12.2019,0,,,,,,,,,,,,,,,,,,,,,
89,ПАО Совкомбанк,SVCB,Соллерс-Финанс,24.12.2019,24.12.2019,0,,,,,,,,,,,,,,,,,,,,,
90,Т-банк (Тинькофф),T,CloudPayments,13.10.2017,13.10.2017,0,,,,,,,,,,,,,,,,,,,,,
91,Сбер (Сбербанк),SBER,Shiptor,30.07.2019,30.07.2019,0,0.0128693825547573,0.0128693825547573,-0.0424191948175236,-0.0424191948175236,-0.0176042424601,-0.0176042424601,-0.0509336219352314,-0.0509336219352314,,,,,,,-0.0212080402139548,-0.0196555411286786,0.0,0.0,0.0,0.0,
92,Сбер (Сбербанк),SBER,PayZakat,11.06.2019,11.06.2019,0,-0.0302500360488769,-0.0302500360488769,-0.0029776586019401,-0.0029776586019401,0.004303391785611,0.004303391785611,0.0228028403682766,0.0228028403682766,,,,,,,0.0384435413013626,0.092542658735921,0.0,0.0,0.0,0.0,
93,Сбер (Сбербанк),SBER,rabota.ru,01.04.2019,02.04.2019,-1,0.0147093516267572,0.021489126996534,0.0176617514691999,0.0612504874988487,0.1134832790440671,0.1076883054582447,0.1581290263683799,0.1274081734835366,,,,,,,0.0476422529242106,0.0499522548146555,0.006779775369776798,0.0435887360296488,-0.005794973585822399,-0.030720852884843275,
94,Т-банк (Тинькофф),T,CloudPayments,13.10.2017,13.10.2017,0,,,,,,,,,,,,,,,,,,,,,
95,Сбер (Сбербанк),SBER,Антипинский НПЗ,23.05.2019,23.05.2019,0,0.0081827112494984,0.0081827112494984,0.0284353508371935,0.0284353508371935,0.018886728385749,0.018886728385749,0.0588061137509603,0.0588061137509603,,,,,,,-0.0148899239779416,0.018716547183064,0.0,0.0,0.0,0.0,
96,Сбер (Сбербанк),SBER,Fortenova Group (Agrokor),05.07.2018,05.07.2018,0,0.0376503069165785,0.0376503069165785,0.0556907394535424,0.0556907394535424,0.0877826270767798,0.0877826270767798,-0.0161363191498883,-0.0161363191498883,,,,,,,-0.0610004724786705,-0.0166460500763783,0.0,0.0,0.0,0.0,
97,Яндекс,YDEX,Scan to buy,08.04.2019,08.04.2019,0,0.028311151244446,0.028311151244446,0.0799266860440777,0.0799266860440777,0.068380514920094,0.068380514920094,0.0554427051929422,0.0554427051929422,,,,,,,0.0624663996645832,0.0865509194428771,0.0,0.0,0.0,0.0,
98,ПАО Совкомбанк,SVCB,Авиационные технологии связи (АТС),10.04.2019,10.04.2019,0,,,,,,,,,,,,,,,,,,,,,
99,Сбер (Сбербанк),SBER,Эй Кей Ресторантс Раша,04.03.2019,04.03.2019,0,-0.0236536113866951,-0.0236536113866951,-0.0087843342257387,-0.0087843342257387,-0.0004605138339049,-0.0004605138339049,-0.0003076960564083,-0.0003076960564083,,,,,,,-0.0088336379413225,-0.0054477373579688,0.0,0.0,0.0,0.0,
100,Сбер (Сбербанк),SBER,Intercomp,30.10.2013,30.10.2013,0,-0.0006629278000126,-0.0006629278000126,0.0078011457335046,0.0078011457335046,-0.0272691802979009,-0.0272691802979009,-0.028851854716225,-0.028851854716225,,,,,,,0.0404503725200978,0.0356053507020971,0.0,0.0,0.0,0.0,
101,ПАО Совкомбанк,SVCB,Росевробанк,13.03.2018,03.08.2018,-143,,,,,,,,,,,,,,,,,,,,,
102,ПАО Совкомбанк,SVCB,Fintender.ru,19.12.2018,19.12.2018,0,,,,,,,,,,,,,,,,,,,,,
103,ПАО Совкомбанк,SVCB,Современный коммерческий ипотечный банк (СКИБ) (ICICI Bank Eurasia Limited Liability Company (IBEL)),19.12.2018,19.12.2018,0,,,,,,,,,,,,,,,,,,,,,
104,Т-банк (Тинькофф),T,Кассир.ру,13.07.2018,13.07.2018,0,,,,,,,,,,,,,,,,,,,,,
105,Альфа-банк,ACBR,Home Credit Беларусь (НКФО Хоум Кредит),22.06.2018,22.06.2018,0,,,,,,,,,,,,,,,,,,,,,
106,Альфа-банк,ACBR,Кошелек / CardsMobile (ООО Бесконтакт),14.05.2018,14.05.2018,0,,,,,,,,,,,,,,,,,,,,,
107,ПАО Совкомбанк,SVCB,Росевробанк,13.03.2018,13.03.2018,0,,,,,,,,,,,,,,,,,,,,,
108,Альфа-банк,ACBR,Сбарро Рус (Пицца Сбарро),22.03.2018,22.03.2018,0,,,,,,,,,,,,,,,,,,,,,
109,Сбер (Сбербанк),SBER,Мессенджер Dialog,18.12.2017,11.10.2017,68,-0.025329869624948,0.0078541394061965,-0.0177177194341996,0.0203685970392326,0.0127285997478815,0.0147186342431084,0.018915937207825,-0.002158866391239,,,,,,,0.1668563682276258,0.1628733890195423,0.033184009031144504,0.0380863164734322,0.0019900344952268993,-0.021074803599064003,
110,Альфа-банк,ACBR,Pay-Me,25.01.2018,25.01.2018,0,,,,,,,,,,,,,,,,,,,,,
111,Сбер (Сбербанк),SBER,Агрохолдинг Юрма,28.01.2018,28.01.2018,0,0.0287901373800962,0.0287901373800962,0.0752353500274597,0.0752353500274597,0.0543983106607287,0.0543983106607287,0.0725443452707983,0.0725443452707983,,,,,,,0.0761147063146312,0.0886432890928925,0.0,0.0,0.0,0.0,
112,Сбер (Сбербанк),SBER,Гатчинский комбикормовый завод (ГКЗ),18.01.2018,28.01.2018,-10,0.0120119314246111,0.0287901373800962,0.0279783771853078,0.0752353500274597,0.053334602482979,0.0543983106607287,0.1286779378878119,0.0725443452707983,,,,,,,0.0691528212751663,0.0726080463467331,0.0167782059554851,0.0472569728421519,0.0010637081777497004,-0.0561335926170136,
113,ПАО Совкомбанк,SVCB,Росевробанк,17.10.2017,17.10.2017,0,,,,,,,,,,,,,,,,,,,,,
114,Т-банк (Тинькофф),T,CloudPayments,13.10.2017,13.10.2017,0,,,,,,,,,,,,,,,,,,,,,
115,Сбер (Сбербанк),SBER,Мособлкомплекс / Складской комплекс в Лобне Московской области,27.09.2017,27.09.2017,0,0.0040501269911176,0.0040501269911176,0.0298299320311034,0.0298299320311034,0.0384417041834393,0.0384417041834393,0.0344409909876556,0.0344409909876556,,,,,,,0.0803772814700851,0.1126345154930803,0.0,0.0,0.0,0.0,
116,Сбер (Сбербанк),SBER,Poslovni Sistem Mercator d.d. (Mercator) (Словения),12.07.2017,12.07.2017,0,0.0317750714526816,0.0317750714526816,0.0752001912647446,0.0752001912647446,0.0962511054850837,0.0962511054850837,0.095083233817234,0.095083233817234,,,,,,,-0.0781737691355893,-0.025816684094113,0.0,0.0,0.0,0.0,
117,Сбер (Сбербанк),SBER,Синявинская птицефабрика,05.07.2017,05.07.2017,0,0.0192665514003093,0.0192665514003093,0.0755365688007329,0.0755365688007329,0.090408281827781,0.090408281827781,0.1273665524767718,0.1273665524767718,,,,,,,-0.1299142069165662,-0.1032176192630776,0.0,0.0,0.0,0.0,
118,Сбер (Сбербанк),SBER,Агрохолдинг Пулковский,09.06.2017,05.07.2017,-26,-0.0176714064234098,0.0192665514003093,-0.0778797891615766,0.0755365688007329,-0.075399685341296,0.090408281827781,-0.1261816359477134,0.1273665524767718,,,,,,,-0.0439454109419126,-0.0774477567937192,0.0369379578237191,0.1534163579623095,0.165807967169077,0.25354818842448523,
119,Сбер (Сбербанк),SBER,Волховский комбикормовый завод (ВККЗ),26.06.2017,05.07.2017,-9,0.0197301263082402,0.0192665514003093,-0.0072649894590512,0.0755365688007329,0.041406626340353,0.090408281827781,0.0342677163704293,0.1273665524767718,,,,,,,-0.1413921372336838,-0.1475559662752048,-0.0004635749079309019,0.0828015582597841,0.049001655487428006,0.09309883610634251,
120,Сбер (Сбербанк),SBER,Мебе-девелопмент,14.06.2017,19.06.2017,-5,-0.0760294649513034,0.0420256019800512,-0.0451617691757885,-0.0109286837147437,-0.0612752282035896,-0.0367715829888675,-0.1019919847427563,-0.0610518825303545,,,,,,,-0.0834373459534583,-0.1286182441506641,0.1180550669313546,0.034233085461044796,0.0245036452147221,0.0409401022124018,
121,Сбер (Сбербанк),SBER,DocDoc,16.03.2017,26.05.2017,-71,0.0236967855980373,-0.0104654773084371,0.0347121488532171,-0.073483904008385,0.0205232568465094,-0.0559555696937972,0.0231183747061727,-0.1214332274286089,,,,,,,-0.1045474303947064,-0.1043975736657115,-0.0341622629064744,-0.10819605286160211,-0.0764788265403066,-0.1445516021347816,
122,МТС-банк (Московский банк реконструкции и развития),MBNK,Кагальницкий молокозавод,16.10.2015,16.10.2015,0,,,,,,,,,,,,,,,,,,,,,
123,Сбер (Сбербанк),SBER,Sistema Venture Capital (Sistema VC),03.02.2017,03.02.2017,0,-0.0058914880659209,-0.0058914880659209,-0.0193799709010724,-0.0193799709010724,-0.0475749104814628,-0.0475749104814628,-0.002835110540076,-0.002835110540076,,,,,,,0.054236875047385,0.0200655814721876,0.0,0.0,0.0,0.0,
124,ПАО Совкомбанк,SVCB,Гаранти банк – Москва,10.10.2016,10.10.2016,0,,,,,,,,,,,,,,,,,,,,,
125,ПАО Совкомбанк,SVCB,КБ Пойдём!,29.04.2016,29.04.2016,0,,,,,,,,,,,,,,,,,,,,,
126,Т-банк (Тинькофф),T,Мобильное приложение В кармане,28.08.2015,28.12.2016,-488,,,,,,,,,,,,,,,,,,,,,
127,ПАО Совкомбанк,SVCB,РТС-тендер,10.10.2016,10.10.2016,0,,,,,,,,,,,,,,,,,,,,,
128,ПАО Совкомбанк,SVCB,Модульбанк (Региональный кредит),29.03.2016,29.03.2016,0,,,,,,,,,,,,,,,,,,,,,
129,ПАО Совкомбанк,SVCB,Радиотехнические и информационные (РТИ) системы,29.04.2016,29.04.2016,0,,,,,,,,,,,,,,,,,,,,,
130,Сбер (Сбербанк),SBER,Advanced Merchant Payments (AMP),17.05.2016,17.05.2016,0,0.0168757549934011,0.0168757549934011,-0.0120846494178542,-0.0120846494178542,0.0246804476217515,0.0246804476217515,0.0732016841533101,0.0732016841533101,,,,,,,0.1038143303841343,0.129775371699324,0.0,0.0,0.0,0.0,
131,ПАО Совкомбанк,SVCB,Экспресс-Волга,21.09.2015,21.09.2015,0,,,,,,,,,,,,,,,,,,,,,
132,Альфа-банк,ACBR,Райффайзенбанк,17.11.2015,17.11.2015,0,,,,,,,,,,,,,,,,,,,,,
133,Промсвязьбанк (ПСБ),PSBR,Первый объединенный банк / Первобанк,18.06.2015,18.06.2015,0,,,,,,,,,,,,,,,,,,,,,
134,Промсвязьбанк (ПСБ),PSBR,Банк Возрождение,13.07.2015,13.07.2015,0,,,,,,,,,,,,,,,,,,,,,
135,Промсвязьбанк (ПСБ),PSBR,Банк Возрождение,13.07.2015,13.07.2015,0,,,,,,,,,,,,,,,,,,,,,
136,Промсвязьбанк (ПСБ),PSBR,Юг Сибири,12.08.2015,12.08.2015,0,,,,,,,,,,,,,,,,,,,,,
137,Альфа-банк,ACBR,Балтийский банк,29.08.2014,21.08.2014,8,,,,,,,,,,,,,,,,,,,,,
138,Сбер (Сбербанк),SBER,Лизинговая компания Европлан,09.07.2015,09.07.2015,0,0.0334531608268169,0.0334531608268169,0.0463325117023406,0.0463325117023406,0.0458875822731109,0.0458875822731109,0.0133021983956806,0.0133021983956806,,,,,,,-0.0482645712736847,-0.0882831859701469,0.0,0.0,0.0,0.0,
139,Промсвязьбанк (ПСБ),PSBR,Банк Возрождение,13.07.2015,13.07.2015,0,,,,,,,,,,,,,,,,,,,,,
140,Промсвязьбанк (ПСБ),PSBR,Автовазбанк (АВБ),07.08.2015,18.06.2015,50,,,,,,,,,,,,,,,,,,,,,
141,Т-банк (Тинькофф),T,НПФ Уралсиб,02.11.2015,06.05.2015,180,,,,,,,,,,,,,,,,,,,,,
142,Сбер (Сбербанк),SBER,Plazius (Platius),12.03.2015,12.03.2015,0,-0.0270850039628126,-0.0270850039628126,-0.1221031027414574,-0.1221031027414574,-0.1052252953042813,-0.1052252953042813,-0.1603126469530607,-0.1603126469530607,,,,,,,0.1886838054799871,0.1617576162288811,0.0,0.0,0.0,0.0,
143,Сбер (Сбербанк),SBER,RuTarget,12.03.2015,12.03.2015,0,-0.0270850039628126,-0.0270850039628126,-0.1221031027414574,-0.1221031027414574,-0.1052252953042813,-0.1052252953042813,-0.1603126469530607,-0.1603126469530607,,,,,,,0.1886838054799871,0.1617576162288811,0.0,0.0,0.0,0.0,
144,ПАО Совкомбанк,SVCB,Современный коммерческий ипотечный банк (СКИБ) (ICICI Bank Eurasia Limited Liability Company (IBEL)),08.12.2014,08.12.2014,0,,,,,,,,,,,,,,,,,,,,,
145,Яндекс,YDEX,Метабар / Сервис Советник,09.12.2014,09.12.2014,0,-0.0530174437637723,-0.0530174437637723,-0.114178026342177,-0.114178026342177,-0.0861102091179158,-0.0861102091179158,-0.1425235152856955,-0.1425235152856955,,,,,,,0.1098708292639984,-0.048579789060679,0.0,0.0,0.0,0.0,
146,Сбер (Сбербанк),SBER,НПО Мостовик (г. Омск),18.11.2014,05.05.2014,197,-0.0030818555650412,0.0222628439956776,-0.024797838439641,0.0813428381997082,-0.04740676069205,0.1266351816566844,-0.0607011151543481,0.0410008822454908,,,,,,,0.015498617371938,-0.0285016892759383,0.0253446995607188,0.1061406766393492,0.17404194234873438,0.1017019973998389,
147,Сбер (Сбербанк),SBER,Промстройгрупп,28.11.2014,28.11.2014,0,-0.0004692910856347,-0.0004692910856347,-0.0319870527906815,-0.0319870527906815,-0.069210926631997,-0.069210926631997,-0.1383307634649939,-0.1383307634649939,,,,,,,0.0472869219243016,0.0290470219162573,0.0,0.0,0.0,0.0,
148,Альфа-банк,ACBR,Балтийский банк,29.08.2014,21.08.2014,8,,,,,,,,,,,,,,,,,,,,,
149,Яндекс,YDEX,Adfox,11.09.2014,11.09.2014,0,0.0126769769315527,0.0126769769315527,0.0174626750353136,0.0174626750353136,0.0443721134792008,0.0443721134792008,0.0903523187225086,0.0903523187225086,,,,,,,0.0005527115603456,0.0278461722632661,0.0,0.0,0.0,0.0,
150,Сбер (Сбербанк),SBER,Сеть солнечных электростанций (СЭС) в Крыму компании Activ Solar,26.08.2014,26.08.2014,0,-0.0057604958460709,-0.0057604958460709,-0.0477423106780029,-0.0477423106780029,-0.0170838291818112,-0.0170838291818112,0.0719210559222204,0.0719210559222204,,,,,,,-0.0889250977599874,-0.0555360478020222,0.0,0.0,0.0,0.0,
151,Яндекс,YDEX,Auto.ru,16.06.2014,16.06.2014,0,0.0048847021168254,0.0048847021168254,-0.001356732246466,-0.001356732246466,0.0285408812730899,0.0285408812730899,0.0411886114141683,0.0411886114141683,,,,,,,,,0.0,0.0,0.0,0.0,
152,Промсвязьбанк (ПСБ),PSBR,Оптифуд,18.07.2014,25.12.2013,205,,,,,,,,,,,,,,,,,,,,,
153,Сбер (Сбербанк),SBER,Группа Разгуляй,02.06.2014,23.05.2014,10,0.0140849360854834,0.0390362978692566,0.0365195890147913,0.0411540504249455,0.0361187393988936,0.0560282578971714,0.0722065382397364,0.1243037611292513,,,,,,,0.1040419563161203,0.0769683372107947,0.024951361783773204,0.004634461410154202,0.019909518498277795,0.052097222889514905,
154,Сбер (Сбербанк),SBER,ПанКлуб,13.05.2014,13.05.2014,0,0.0324301272410649,0.0324301272410649,0.0092910685154692,0.0092910685154692,0.136989278022573,0.136989278022573,0.143130544989377,0.143130544989377,,,,,,,-0.1168830781606633,-0.050128905343368,0.0,0.0,0.0,0.0,
155,Сбер (Сбербанк),SBER,Универсальная электронная карта (УЭК),22.01.2014,22.01.2014,0,-0.0039094037054009,-0.0039094037054009,-0.0274020771347337,-0.0274020771347337,-0.0316312543412555,-0.0316312543412555,-0.0311036172802398,-0.0311036172802398,,,,,,,0.0061331152592095,0.0204820281335741,0.0,0.0,0.0,0.0,
156,Сбер (Сбербанк),SBER,Multinational Logistics Partnership (MLP),27.09.2017,27.09.2017,0,0.0040501269911176,0.0040501269911176,0.0298299320311034,0.0298299320311034,0.0384417041834393,0.0384417041834393,0.0344409909876556,0.0344409909876556,,,,,,,0.0803772814700851,0.1126345154930803,0.0,0.0,0.0,0.0,
157,Сбер (Сбербанк),SBER,Международное логистическое партнерство (МЛП),14.08.2014,14.08.2014,0,0.0231179475680805,0.0231179475680805,0.0738187630531095,0.0738187630531095,0.1300371315813677,0.1300371315813677,0.0166227610876182,0.0166227610876182,,,,,,,-0.2209056424683098,-0.130417630509428,0.0,0.0,0.0,0.0,
158,Сбер (Сбербанк),SBER,Верхнекамская калийная компания (ВКК),27.04.2016,27.04.2016,0,0.0357436268529203,0.0357436268529203,0.0367952451284484,0.0367952451284484,-0.0026595101676666,-0.0026595101676666,0.0484472597427324,0.0484472597427324,,,,,,,0.1542427489261675,0.121872663647127,0.0,0.0,0.0,0.0,
159,ПАО Совкомбанк,SVCB,Джии мани банк,26.12.2013,29.04.2013,241,,,,,,,,,,,,,,,,,,,,,
160,Яндекс,YDEX,Кинопоиск,15.10.2013,15.10.2013,0,,,,,,,,,,,,,,,,,,,,,
161,Сбер (Сбербанк),SBER,Красная поляна,05.06.2013,05.06.2013,0,-0.0195173228480567,-0.0195173228480567,-0.0207990835005502,-0.0207990835005502,-0.0921539398554144,-0.0921539398554144,-0.1362813304309729,-0.1362813304309729,,,,,,,0.0414952139475686,0.0306086253758612,0.0,0.0,0.0,0.0,
162,Сбер (Сбербанк),SBER,Citigroup Turkey,11.03.2013,11.03.2013,0,0.0073418703917905,0.0073418703917905,0.0082048828464841,0.0082048828464841,-0.0246707556733288,-0.0246707556733288,-0.0711439911504117,-0.0711439911504117,,,,,,,-0.006865585866594,0.0178300597966524,0.0,0.0,0.0,0.0,
163,Сбер (Сбербанк),SBER,Яндекс. Деньги,19.12.2012,20.12.2012,-1,0.0105917563028555,-0.0177330160267017,-0.0090767051813945,-0.0111178832591467,-0.0128223038272704,-0.0107549691130631,0.0124618163708541,-0.0093199305252468,,,,,,,0.0283542353241501,0.0437602667477875,-0.0283247723295572,-0.0020411780777522,0.0020673347142072997,-0.0217817468961009,
164,Альфа-банк,ACBR,Электронная торговая площадка (ЭТП) ММВБ,05.06.2013,05.06.2013,0,,,,,,,,,,,,,,,,,,,,,
165,Т-банк (Тинькофф),T,Страховая компания Москва,19.06.2013,19.06.2013,0,,,,,,,,,,,,,,,,,,,,,
166,Альфа-банк,ACBR,Главный информационно-вычислительный центр Москвы (ГИВЦ Москвы),16.10.2012,27.02.2013,-134,,,,,,,,,,,,,,,,,,,,,
167,Сбер (Сбербанк),SBER,Мясокомбинат Усть-Лабинский,13.02.2013,13.02.2013,0,0.0071184575699193,0.0071184575699193,0.0056070463786044,0.0056070463786044,0.0027871600526636,0.0027871600526636,-0.0284185273203111,-0.0284185273203111,,,,,,,0.1432692325429796,0.1583754865147618,0.0,0.0,0.0,0.0,
168,Альфа-банк,ACBR,Белросбанк,26.11.2012,26.11.2012,0,,,,,,,,,,,,,,,,,,,,,
169,Сбер (Сбербанк),SBER,Denizbank,08.06.2012,25.05.2012,14,0.0117351420350088,0.0205321821097366,0.0611345937008344,0.0101917611787702,0.033308691036481,-0.0181266140713888,0.032424434245269,-0.1099728255151673,,,,,,,-0.1526201388799387,-0.094279259849906,0.008797040074727801,-0.0509428325220642,-0.0514353051078698,-0.1423972597604363,
170,Сбер (Сбербанк),SBER,БНП Париба Восток / Cetelem,18.07.2012,18.07.2012,0,0.0135820540406148,0.0135820540406148,-0.0318660933525005,-0.0318660933525005,-0.046464661705116,-0.046464661705116,-0.0127130885991897,-0.0127130885991897,,,,,,,0.1461416019041906,0.1585174508098682,0.0,0.0,0.0,0.0,
171,Сбер (Сбербанк),SBER,Базэл аэро,31.10.2011,26.06.2012,-239,-0.0982623109674115,0.0074612434558674,-0.0122057085827157,0.0084775329471634,0.0107365461385522,0.0566651326400897,0.0041798498739838,0.1127921228612653,,,,,,,0.0561468350743467,0.0697704094761093,0.10572355442327891,0.020683241529879097,0.0459285865015375,0.1086122729872815,
172,Сбер (Сбербанк),SBER,Корус Консалтинг СНГ,22.05.2012,22.05.2012,0,0.0067333492261044,0.0067333492261044,-0.0749513695077747,-0.0749513695077747,-0.0332603902726839,-0.0332603902726839,-0.114282145750337,-0.114282145750337,,,,,,,-0.0803477121302307,-0.1502663466444713,0.0,0.0,0.0,0.0,
173,Яндекс,YDEX,Seedcamp,27.04.2012,27.04.2012,0,,,,,,,,,,,,,,,,,,,,,
174,Сбер (Сбербанк),SBER,База отдыха Ласточка,27.10.2012,27.10.2012,0,-0.0186195699508973,-0.0186195699508973,-0.0189948596431464,-0.0189948596431464,-0.011922740436449,-0.011922740436449,-0.0509869002014108,-0.0509869002014108,,,,,,,-0.0291806717793559,-0.0514626871236008,0.0,0.0,0.0,0.0,
175,Сбер (Сбербанк),SBER,Московский городской гольф-клуб,05.04.2012,06.04.2012,-1,-0.0232575426402729,-0.0030828317959854,0.0110305697397879,0.0101348773298913,-0.0007812834435575,0.0063864199074683,-0.0373414390191354,-0.0063618626552478,,,,,,,-0.021940596924134,0.0062160636562085,0.0201747108442875,-0.0008956924098965993,0.0071677033510258,0.0309795763638876,
176,Сбер (Сбербанк),SBER,Volksbank,08.09.2011,27.02.2012,-172,0.0332022454588236,0.0273543243562921,-0.0227906414924429,0.0370316059315611,-0.0432008346746392,0.0564378961424145,-0.0416894201732249,0.0557764778428231,,,,,,,-0.1654570530532,-0.1804903144511492,-0.005847921102531503,0.059822247424004,0.0996387308170537,0.09746589801604799,
177,Сбер (Сбербанк),SBER,Sberbank CIB (Тройка Диалог),20.01.2012,20.01.2012,0,0.0034996897977849,0.0034996897977849,0.0376130638394761,0.0376130638394761,0.0768048611200166,0.0768048611200166,0.137833136999865,0.137833136999865,,,,,,,-0.022304556337366,0.0010662248067967,0.0,0.0,0.0,0.0,
178,Сбер (Сбербанк),SBER,Альянс Лайф,17.10.2011,12.01.2012,-87,0.0404948635785936,-0.035400438754918,0.1489635467646143,0.017850794872273,0.2187605701087576,0.0278164699330515,0.1649183103549655,0.1332538109035032,,,,,,,-0.1385343597135158,0.0035206019567971,-0.0758953023335116,-0.13111275189234128,-0.1909441001757061,-0.031664499451462325,
179,Росбанк,ROSB,Агентство по возврату долгов (АВД),29.12.2011,01.12.2011,28,,,,,,,,,,,,,,,,,,,,,
180,Росбанк,ROSB,Телсиком,03.11.2011,01.12.2011,-28,,,,,,,,,,,,,,,,,,,,,
181,Сбер (Сбербанк),SBER,SLB Commercial Bank,30.11.2011,01.12.2011,-1,0.057175471175252,0.0823910753380425,0.1787505468142071,0.0981158949643152,0.1172293750760871,0.1198795065537539,0.018260415969769,0.0394913673548384,,,,,,,-0.0053101630624637,0.0710869348910538,0.025215604162790506,-0.0806346518498919,0.002650131477666795,0.0212309513850694,
182,Сбер (Сбербанк),SBER,Интеко,07.09.2011,01.12.2011,-85,0.0637666745758092,0.0823910753380425,-0.0634892417826663,0.0981158949643152,-0.0213053152027816,0.1198795065537539,0.0591567704443851,0.0394913673548384,,,,,,,-0.1759182578816822,-0.2273202447413781,0.018624400762233304,0.16160513674698151,0.1411848217565355,-0.0196654030895467,
183,Сбер (Сбербанк),SBER,Курганнефтепродукт,01.12.2011,01.12.2011,0,0.0823910753380425,0.0823910753380425,0.0981158949643152,0.0981158949643152,0.1198795065537539,0.1198795065537539,0.0394913673548384,0.0394913673548384,,,,,,,-0.0562672352727328,0.094657666683344,0.0,0.0,0.0,0.0,
184,Сбер (Сбербанк),SBER,Таганрогский мазутный терминал,09.11.2010,01.12.2011,-387,-0.0263849574045202,0.0823910753380425,-0.0572078449131703,0.0981158949643152,-0.0658842632490578,0.1198795065537539,-0.0366498320022388,0.0394913673548384,,,,,,,0.2084508437616965,0.2227463223996488,0.1087760327425627,0.1553237398774855,0.1857637698028117,0.0761411993570772,
185,Сбер (Сбербанк),SBER,Химкомбинат Сода-Хлорат,08.10.2010,01.12.2011,-419,0.0045954761382815,0.0823910753380425,0.0158812271220346,0.0981158949643152,0.0722339347167831,0.1198795065537539,0.1944554323025714,0.0394913673548384,,,,,,,0.1538524956054672,0.1707267613539711,0.077795599199761,0.0822346678422806,0.047645571836970796,-0.154964064947733,
186,Сбер (Сбербанк),SBER,Мосстройвозрождение,15.11.2011,15.11.2011,0,-0.0134857002804537,-0.0134857002804537,0.0150136939642384,0.0150136939642384,-0.0752759732024123,-0.0752759732024123,0.0160336953619988,0.0160336953619988,,,,,,,0.2261718080023796,0.1806249387474227,0.0,0.0,0.0,0.0,
187,Сбер (Сбербанк),SBER,Павловскгранит,30.09.2011,30.09.2011,0,-0.0338464800679417,-0.0338464800679417,-0.0902147342508217,-0.0902147342508217,-0.070193255081115,-0.070193255081115,0.018317009700262,0.018317009700262,,,,,,,-0.1386797760101943,-0.0716360372608128,0.0,0.0,0.0,0.0,
188,Сбер (Сбербанк),SBER,Премиум Спиритс,02.08.2011,02.08.2011,0,-0.0217270593970242,-0.0217270593970242,-0.0555153181936473,-0.0555153181936473,-0.1129976297617073,-0.1129976297617073,-0.1506539584230565,-0.1506539584230565,,,,,,,0.079657734421828,0.0862064802644655,0.0,0.0,0.0,0.0,
189,Сбер (Сбербанк),SBER,Спортлото,14.05.2011,14.05.2011,0,-0.0021477443262895,-0.0021477443262895,-0.0078323437720919,-0.0078323437720919,-0.0677051198413659,-0.0677051198413659,-0.0244130364499916,-0.0244130364499916,,,,,,,-0.0980116687282147,-0.1006206934153154,0.0,0.0,0.0,0.0,
190,Промсвязьбанк (ПСБ),PSBR,Касса 24,07.03.2011,07.03.2011,0,,,,,,,,,,,,,,,,,,,,,
191,Сбер (Сбербанк),SBER,Nitol Solar,02.03.2011,02.03.2011,0,-0.0012201165387801,-0.0012201165387801,0.0452612187290797,0.0452612187290797,0.0433658373844781,0.0433658373844781,-0.0497522761600576,-0.0497522761600576,,,,,,,-0.0893846360161394,-0.0747719187442033,0.0,0.0,0.0,0.0,
192,Сбер (Сбербанк),SBER,Страховая компания Ангара,23.12.2010,23.12.2010,0,-0.0053240739548992,-0.0053240739548992,-0.0104842722118575,-0.0104842722118575,-0.0309429085459735,-0.0309429085459735,-0.0034333320178697,-0.0034333320178697,,,,,,,0.0587408418646119,0.0645602965716962,0.0,0.0,0.0,0.0,
193,Сбер (Сбербанк),SBER,Бизнес-центр в Омске,02.11.2010,02.11.2010,0,0.0192197103966063,0.0192197103966063,0.0345316364877781,0.0345316364877781,0.0137594316186968,0.0137594316186968,0.0064581341601727,0.0064581341601727,,,,,,,0.2015347292495765,0.2048470775263285,0.0,0.0,0.0,0.0,
194,Сбер (Сбербанк),SBER,Детский мир,07.11.2010,02.11.2010,5,0.0041751505681009,0.0192197103966063,-0.0402619549136967,0.0345316364877781,-0.0201383191698263,0.0137594316186968,-0.0244697262323854,0.0064581341601727,,,,,,,0.1879366180557783,0.2019264093681138,0.0150445598285054,0.07479359140147479,0.0338977507885231,0.0309278603925581,
195,Альфа-банк,ACBR,Банк Северная казна,30.06.2010,30.06.2010,0,,,,,,,,,,,,,,,,,,,,,
196,Промсвязьбанк (ПСБ),PSBR,Волгопромбанк,30.06.2010,30.06.2010,0,,,,,,,,,,,,,,,,,,,,,
197,Промсвязьбанк (ПСБ),PSBR,Нижний Новгород банк,30.06.2010,30.06.2010,0,,,,,,,,,,,,,,,,,,,,,
198,Сбер (Сбербанк),SBER,Strategy Partners,25.06.2010,25.06.2010,0,-0.008854346938331,-0.008854346938331,-0.0892840971671575,-0.0892840971671575,-0.0661801040269359,-0.0661801040269359,0.0642962671050674,0.0642962671050674,,,,,,,0.0042530443651627,0.0085117833071372,0.0,0.0,0.0,0.0,
199,Сбер (Сбербанк),SBER,Арзил,30.06.2010,30.06.2010,0,-0.1044491112871379,-0.1044491112871379,-0.0874649821917228,-0.0874649821917228,-0.0577261587329788,-0.0577261587329788,0.0863356299781008,0.0863356299781008,,,,,,,0.061700780730804,0.0206487550204774,0.0,0.0,0.0,0.0,
200,Сбер (Сбербанк),SBER,Вестер,27.08.2009,30.06.2010,-307,-0.0108343060988762,-0.1044491112871379,0.0114547790491827,-0.0874649821917228,0.142504597679169,-0.0577261587329788,0.1822608737045771,0.0863356299781008,,,,,,,0.2321881588897709,0.2662848034600641,-0.0936148051882617,-0.0989197612409055,-0.20023075641214783,-0.0959252437264763,
201,Сбер (Сбербанк),SBER,Загорский лакокрасочный завод,30.06.2010,30.06.2010,0,-0.1044491112871379,-0.1044491112871379,-0.0874649821917228,-0.0874649821917228,-0.0577261587329788,-0.0577261587329788,0.0863356299781008,0.0863356299781008,,,,,,,0.061700780730804,0.0206487550204774,0.0,0.0,0.0,0.0,
202,Сбер (Сбербанк),SBER,Региональный расчетно-кассовый центр,25.06.2010,25.06.2010,0,-0.008854346938331,-0.008854346938331,-0.0892840971671575,-0.0892840971671575,-0.0661801040269359,-0.0661801040269359,0.0642962671050674,0.0642962671050674,,,,,,,0.0042530443651627,0.0085117833071372,0.0,0.0,0.0,0.0,
203,Сбер (Сбербанк),SBER,Русснефть,19.01.2010,30.06.2010,-162,0.0283649130533722,-0.1044491112871379,0.0002208015717625,-0.0874649821917228,-0.0069671058806399,-0.0577261587329788,0.0606420892022036,0.0863356299781008,,,,,,,0.1482657161187216,0.2097044087832643,-0.1328140243405101,-0.0876857837634853,-0.0507590528523389,0.02569354077589721,
204,Сбер (Сбербанк),SBER,Сулинский металлургический завод,30.06.2010,30.06.2010,0,-0.1044491112871379,-0.1044491112871379,-0.0874649821917228,-0.0874649821917228,-0.0577261587329788,-0.0577261587329788,0.0863356299781008,0.0863356299781008,,,,,,,0.061700780730804,0.0206487550204774,0.0,0.0,0.0,0.0,
205,Сбер (Сбербанк),SBER,Техно-логистическая компания Томилино,25.06.2010,25.06.2010,0,-0.008854346938331,-0.008854346938331,-0.0892840971671575,-0.0892840971671575,-0.0661801040269359,-0.0661801040269359,0.0642962671050674,0.0642962671050674,,,,,,,0.0042530443651627,0.0085117833071372,0.0,0.0,0.0,0.0,
206,Сбер (Сбербанк),SBER,Управляющая компания Финансист,30.06.2010,30.06.2010,0,-0.1044491112871379,-0.1044491112871379,-0.0874649821917228,-0.0874649821917228,-0.0577261587329788,-0.0577261587329788,0.0863356299781008,0.0863356299781008,,,,,,,0.061700780730804,0.0206487550204774,0.0,0.0,0.0,0.0,
207,Сбер (Сбербанк),SBER,Бизнес-центр РосЕвроПлаза в Новосибирске,12.11.2010,05.06.2013,-936,-0.0129730721619123,-0.0195173228480567,-0.0643259040330309,-0.0207990835005502,-0.043740828829258,-0.0921539398554144,0.0235010346512353,-0.1362813304309729,,,,,,,0.1870416539710472,0.1386797673700273,-0.006544250686144401,0.0435268205324807,-0.0484131110261564,-0.1597823650822082,
208,ПАО Совкомбанк,SVCB,Ассоциация региональных кредитных агентств (АРКА),20.11.2018,20.11.2018,0,,,,,,,,,,,,,,,,,,,,,
